System	nDCG'	mAP'	p@10
tf-idf-test	0.0047846153846153846	0.0013205128205128205	0.002564102564102564
pyterrier-tf-idf	0.0555448717948718	0.011562820512820511	0.06492435897435897
baseline_task1_tf_idf_pyterrier	0.19193717948717953	0.035951282051282056	0.06622307692307693
