System	nDCG'	mAP'	p@10
lda	0.06557564102564105	0.015153846153846148	0.08709102564102565
pyterrier-bm25	0.0030743589743589743	0.00046153846153846153	0.005262820512820513
pyterrier-tf-idf	0.0555448717948718	0.011562820512820511	0.06492435897435897
baseline_task1_tf_idf_pyterrier	0.19193717948717953	0.035951282051282056	0.06622307692307693
